{"cameraMode":{"drawMode":31,"name":"Sprite Mask","section":"Miscellaneous"},"sceneLighting":false,"audioPlay":false,"sceneViewState":{"showFog":true,"showMaterialUpdate":true,"showSkybox":true,"showFlares":true,"showImageEffects":true,"showParticleSystems":true},"in2DMode":false,"pivot":{"x":1.9825572967529297,"y":-0.6354861259460449,"z":2.2200212478637697},"rotation":{"x":0.3346061706542969,"y":-0.32770976424217226,"z":0.12537266314029694,"w":0.8746065497398377},"size":9.57447338104248,"orthographic":false}